{
  "name": "bootstrap",
  "version": "3.0.2",
  "main": [
    "./dist/js/bootstrap.js",
    "./dist/css/bootstrap.css",
    "./dist/fonts/*"
  ],
  "ignore": [
    "**/.*"
  ],
  "dependencies": {
    "jquery": ">= 1.9.0"
  },
  "homepage": "https://github.com/twbs/bootstrap",
  "_release": "3.0.2",
  "_resolution": {
    "type": "version",
    "tag": "v3.0.2",
    "commit": "3887f540b978d593f433bfef15888bc2d103de72"
  },
  "_source": "git://github.com/twbs/bootstrap.git",
  "_target": "~3.0.2",
  "_originalSource": "bootstrap",
  "_direct": true
}